Workbook

Sheet Instrucciones
A1: Control de stock de cajas (SKU 153523 / 153553 / 153526)
A2: Fuente: correo 'PE4 RSP - TOTAL INVENTORY SNAPSHOT' (yobelrsp@yobel.biz), hoja BaseDeDatosReporteador, Atributo 2 = DISPONIBLE
A4: Hojas
A5: Config: parámetros del proceso (celdas amarillas = editables): SKUs, filtro, remitente/asunto, horarios, destinatarios de alerta.
A6: Stock_Diario: una fila por día con el stock DISPONIBLE de cada SKU. La llena el script automáticamente (no editar a mano salvo correcciones).
A7: Recepciones: (opcional) registre aquí las recepciones conocidas. Si un día sube el stock y no hay recepción registrada, se asume recepción = aumento.
A8: Consumo_Diario: consumo por intervalo = Stock anterior + Recepción - Stock actual (fórmulas, no editar).
A9: Indicador: stock actual, consumo promedio diario (últimos N días y mes en curso), días de cobertura, y tabla de consumo/promedio mensual.
A10: Log: bitácora de ejecuciones del script (cargas, correos no encontrados, alertas enviadas).
A12: Cálculo
A13: Stock del día = suma de 'Saldo' de las filas con Código Item = SKU y Atributo 2 = DISPONIBLE (un SKU puede tener varias filas/ubicaciones).
A14: Consumo del intervalo = Stock día anterior + Recepciones del intervalo - Stock del día (mínimo 0).
... A18: Instalación: ver README.md (Google Sheets + Apps Script, revisiones automáticas y alerta por correo si no llega el archivo).

Sheet Indicador
A1: Indicador de consumo de cajas
A2: Se actualiza solo con cada carga. Cobertura = stock actual / consumo promedio diario de los últimos N días (Config).
A3: Último snapshot: | B3: =IF(COUNT(Stock_Diario!$A$5:$A$734)=0,"Sin datos",MAX(Stock_Diario!$A$5:$A$734)) -> 46310 | C3: Carga de hoy: | D3: =IF(COUNTIF(Stock_Diario!$A$5:$A$734,TODAY())>0,"OK - cargado","PENDIENTE") -> OK - cargado | E3: N registros: | F3: =COUNT(Stock_Diario!$A$5:$A$734) -> 1
A5: SKU | B5: Descripción | C5: Stock actual | D5: Consumo último intervalo | E5: Prom. diario últimos N días | F5: Prom. diario mes en curso | G5: Consumo mensual promedio | H5: Días de cobertura | I5: Estado
A6: =Config!$A$23 -> 153523 | B6: =Config!$B$23 -> CAJA MEDIANA 22X33X30 411 C | C6: =IF($F$3=0,"",INDEX(Consumo_Diario!$C$5:$C$734,$F$3)) -> 6725 | D6: =IF($F$3<2,"",INDEX(Consumo_Diario!$E$5:$E$734,$F$3)) | E6: =IF($F$3<2,"",IFERROR(SUMIFS(Consumo_Diario!$E$5:$E$734,Consumo_Diario!$A$5:$A$734,">"&($B$3-Config!$B$16),Consumo_Diario!$A$5:$A$734,"<="&$B$3)/SUMIFS(Consumo_Diario!$B$5:$B$734,Consumo_Diario!$A$5:$A$734,">"&($B$3-Config!$B$16),Consumo_Diario!$A$5:$A$734,"<="&$B$3),"")) | F6: =IF($F$3<2,"",IFERROR(SUMIFS(Consumo_Diario!$E$5:$E$734,Consumo_Diario!$A$5:$A$734,">="&DATE(YEAR($B$3),MONTH($B$3),1),Consumo_Diario!$A$5:$A$734,"<="&$B$3)/SUMIFS(Consumo_Diario!$B$5:$B$734,Consumo_Diario!$A$5:$A$734,">="&DATE(YEAR($B$3),MONTH($B$3),1),Consumo_Diario!$A$5:$A$734,"<="&$B$3),"")) | G6: =IFERROR(AVERAGEIFS($C$14:$C$37,$B$14:$B$37,">0"),"") | H6: =IF(OR(C6="",E6="",E6=0),"",C6/E6) | I6: =IF(H6="","Sin datos",IF(H6<Config!$B$17,"REPONER","OK")) -> Sin datos
A7: =Config!$A$24 -> 153553 | B7: =Config!$B$24 -> CAJA 1/24 PEQUEÑA 11X22X15 312 C IMP | C7: =IF($F$3=0,"",INDEX(Consumo_Diario!$F$5:$F$734,$F$3)) -> 5025 | D7: =IF($F$3<2,"",INDEX(Consumo_Diario!$H$5:$H$734,$F$3)) | E7: =IF($F$3<2,"",IFERROR(SUMIFS(Consumo_Diario!$H$5:$H$734,Consumo_Diario!$A$5:$A$734,">"&($B$3-Config!$B$16),Consumo_Diario!$A$5:$A$734,"<="&$B$3)/SUMIFS(Consumo_Diario!$B$5:$B$734,Consumo_Diario!$A$5:$A$734,">"&($B$3-Config!$B$16),Consumo_Diario!$A$5:$A$734,"<="&$B$3),"")) | F7: =IF($F$3<2,"",IFERROR(SUMIFS(Consumo_Diario!$H$5:$H$734,Consumo_Diario!$A$5:$A$734,">="&DATE(YEAR($B$3),MONTH($B$3),1),Consumo_Diario!$A$5:$A$734,"<="&$B$3)/SUMIFS(Consumo_Diario!$B$5:$B$734,Consumo_Diario!$A$5:$A$734,">="&DATE(YEAR($B$3),MONTH($B$3),1),Consumo_Diario!$A$5:$A$734,"<="&$B$3),"")) | G7: =IFERROR(AVERAGEIFS($F$14:$F$37,$B$14:$B$37,">0"),"") | H7: =IF(OR(C7="",E7="",E7=0),"",C7/E7) | I7: =IF(H7="","Sin datos",IF(H7<Config!$B$17,"REPONER","OK")) -> Sin datos
A8: =Config!$A$25 -> 153526 | B8: =Config!$B$25 -> CAJA 1/2 GRANDE 33X44X30 411 C IMP | C8: =IF($F$3=0,"",INDEX(Consumo_Diario!$I$5:$I$734,$F$3)) -> 11025 | D8: =IF($F$3<2,"",INDEX(Consumo_Diario!$K$5:$K$734,$F$3)) | E8: =IF($F$3<2,"",IFERROR(SUMIFS(Consumo_Diario!$K$5:$K$734,Consumo_Diario!$A$5:$A$734,">"&($B$3-Config!$B$16),Consumo_Diario!$A$5:$A$734,"<="&$B$3)/SUMIFS(Consumo_Diario!$B$5:$B$734,Consumo_Diario!$A$5:$A$734,">"&($B$3-Config!$B$16),Consumo_Diario!$A$5:$A$734,"<="&$B$3),"")) | F8: =IF($F$3<2,"",IFERROR(SUMIFS(Consumo_Diario!$K$5:$K$734,Consumo_Diario!$A$5:$A$734,">="&DATE(YEAR($B$3),MONTH($B$3),1),Consumo_Diario!$A$5:$A$734,"<="&$B$3)/SUMIFS(Consumo_Diario!$B$5:$B$734,Consumo_Diario!$A$5:$A$734,">="&DATE(YEAR($B$3),MONTH($B$3),1),Consumo_Diario!$A$5:$A$734,"<="&$B$3),"")) | G8: =IFERROR(AVERAGEIFS($I$14:$I$37,$B$14:$B$37,">0"),"") | H8: =IF(OR(C8="",E8="",E8=0),"",C8/E8) | I8: =IF(H8="","Sin datos",IF(H8<Config!$B$17,"REPONER","OK")) -> Sin datos
A11: Consumo y promedio mensual
C12: =Config!$A$23 -> 153523 | F12: =Config!$A$24 -> 153553 | I12: =Config!$A$25 -> 153526
A13: Mes | B13: Días con datos | C13: Consumo | D13: Recepción | E13: Prom. diario | F13: Consumo | G13: Recepción | H13: Prom. diario | I13: Consumo | J13: Recepción | K13: Prom. diario | L13: Consumo total
A14: 46296 | B14: =SUMIFS(Consumo_Diario!$B$5:$B$734,Consumo_Diario!$A$5:$A$734,">="&$A14,Consumo_Diario!$A$5:$A$734,"<"&DATE(YEAR($A14),MONTH($A14)+1,1)) -> 0 | C14: =SUMIFS(Consumo_Diario!$E$5:$E$734,Consumo_Diario!$A$5:$A$734,">="&$A14,Consumo_Diario!$A$5:$A$734,"<"&DATE(YEAR($A14),MONTH($A14)+1,1)) -> 0 | D14: =SUMIFS(Consumo_Diario!$D$5:$D$734,Consumo_Diario!$A$5:$A$734,">="&$A14,Consumo_Diario!$A$5:$A$734,"<"&DATE(YEAR($A14),MONTH($A14)+1,1)) -> 0 | E14: =IF($B14=0,"",C14/$B14) | F14: =SUMIFS(Consumo_Diario!$H$5:$H$734,Consumo_Diario!$A$5:$A$734,">="&$A14,Consumo_Diario!$A$5:$A$734,"<"&DATE(YEAR($A14),MONTH($A14)+1,1)) -> 0 | G14: =SUMIFS(Consumo_Diario!$G$5:$G$734,Consumo_Diario!$A$5:$A$734,">="&$A14,Consumo_Diario!$A$5:$A$734,"<"&DATE(YEAR($A14),MONTH($A14)+1,1)) -> 0 | H14: =IF($B14=0,"",F14/$B14) | I14: =SUMIFS(Consumo_Diario!$K$5:$K$734,Consumo_Diario!$A$5:$A$734,">="&$A14,Consumo_Diario!$A$5:$A$734,"<"&DATE(YEAR($A14),MONTH($A14)+1,1)) -> 0 | J14: =SUMIFS(Consumo_Diario!$J$5:$J$734,Consumo_Diario!$A$5:$A$734,">="&$A14,Consumo_Diario!$A$5:$A$734,"<"&DATE(YEAR($A14),MONTH($A14)+1,1)) -> 0 | K14: =IF($B14=0,"",I14/$B14) | L14: =C14+F14+I14 -> 0
A15: 46327 | B15: =SUMIFS(Consumo_Diario!$B$5:$B$734,Consumo_Diario!$A$5:$A$734,">="&$A15,Consumo_Diario!$A$5:$A$734,"<"&DATE(YEAR($A15),MONTH($A15)+1,1)) -> 0 | C15: =SUMIFS(Consumo_Diario!$E$5:$E$734,Consumo_Diario!$A$5:$A$734,">="&$A15,Consumo_Diario!$A$5:$A$734,"<"&DATE(YEAR($A15),MONTH($A15)+1,1)) -> 0 | D15: =SUMIFS(Consumo_Diario!$D$5:$D$734,Consumo_Diario!$A$5:$A$734,">="&$A15,Consumo_Diario!$A$5:$A$734,"<"&DATE(YEAR($A15),MONTH($A15)+1,1)) -> 0 | E15: =IF($B15=0,"",C15/$B15) | F15: =SUMIFS(Consumo_Diario!$H$5:$H$734,Consumo_Diario!$A$5:$A$734,">="&$A15,Consumo_Diario!$A$5:$A$734,"<"&DATE(YEAR($A15),MONTH($A15)+1,1)) -> 0 | G15: =SUMIFS(Consumo_Diario!$G$5:$G$734,Consumo_Diario!$A$5:$A$734,">="&$A15,Consumo_Diario!$A$5:$A$734,"<"&DATE(YEAR($A15),MONTH($A15)+1,1)) -> 0 | H15: =IF($B15=0,"",F15/$B15) | I15: =SUMIFS(Consumo_Diario!$K$5:$K$734,Consumo_Diario!$A$5:$A$734,">="&$A15,Consumo_Diario!$A$5:$A$734,"<"&DATE(YEAR($A15),MONTH($A15)+1,1)) -> 0 | J15: =SUMIFS(Consumo_Diario!$J$5:$J$734,Consumo_Diario!$A$5:$A$734,">="&$A15,Consumo_Diario!$A$5:$A$734,"<"&DATE(YEAR($A15),MONTH($A15)+1,1)) -> 0 | K15: =IF($B15=0,"",I15/$B15) | L15: =C15+F15+I15 -> 0
A16: 46357 | B16: =SUMIFS(Consumo_Diario!$B$5:$B$734,Consumo_Diario!$A$5:$A$734,">="&$A16,Consumo_Diario!$A$5:$A$734,"<"&DATE(YEAR($A16),MONTH($A16)+1,1)) -> 0 | C16: =SUMIFS(Consumo_Diario!$E$5:$E$734,Consumo_Diario!$A$5:$A$734,">="&$A16,Consumo_Diario!$A$5:$A$734,"<"&DATE(YEAR($A16),MONTH($A16)+1,1)) -> 0 | D16: =SUMIFS(Consumo_Diario!$D$5:$D$734,Consumo_Diario!$A$5:$A$734,">="&$A16,Consumo_Diario!$A$5:$A$734,"<"&DATE(YEAR($A16),MONTH($A16)+1,1)) -> 0 | E16: =IF($B16=0,"",C16/$B16) | F16: =SUMIFS(Consumo_Diario!$H$5:$H$734,Consumo_Diario!$A$5:$A$734,">="&$A16,Consumo_Diario!$A$5:$A$734,"<"&DATE(YEAR($A16),MONTH($A16)+1,1)) -> 0 | G16: =SUMIFS(Consumo_Diario!$G$5:$G$734,Consumo_Diario!$A$5:$A$734,">="&$A16,Consumo_Diario!$A$5:$A$734,"<"&DATE(YEAR($A16),MONTH($A16)+1,1)) -> 0 | H16: =IF($B16=0,"",F16/$B16) | I16: =SUMIFS(Consumo_Diario!$K$5:$K$734,Consumo_Diario!$A$5:$A$734,">="&$A16,Consumo_Diario!$A$5:$A$734,"<"&DATE(YEAR($A16),MONTH($A16)+1,1)) -> 0 | J16: =SUMIFS(Consumo_Diario!$J$5:$J$734,Consumo_Diario!$A$5:$A$734,">="&$A16,Consumo_Diario!$A$5:$A$734,"<"&DATE(YEAR($A16),MONTH($A16)+1,1)) -> 0 | K16: =IF($B16=0,"",I16/$B16) | L16: =C16+F16+I16 -> 0
A17: 46388 | B17: =SUMIFS(Consumo_Diario!$B$5:$B$734,Consumo_Diario!$A$5:$A$734,">="&$A17,Consumo_Diario!$A$5:$A$734,"<"&DATE(YEAR($A17),MONTH($A17)+1,1)) -> 0 | C17: =SUMIFS(Consumo_Diario!$E$5:$E$734,Consumo_Diario!$A$5:$A$734,">="&$A17,Consumo_Diario!$A$5:$A$734,"<"&DATE(YEAR($A17),MONTH($A17)+1,1)) -> 0 | D17: =SUMIFS(Consumo_Diario!$D$5:$D$734,Consumo_Diario!$A$5:$A$734,">="&$A17,Consumo_Diario!$A$5:$A$734,"<"&DATE(YEAR($A17),MONTH($A17)+1,1)) -> 0 | E17: =IF($B17=0,"",C17/$B17) | F17: =SUMIFS(Consumo_Diario!$H$5:$H$734,Consumo_Diario!$A$5:$A$734,">="&$A17,Consumo_Diario!$A$5:$A$734,"<"&DATE(YEAR($A17),MONTH($A17)+1,1)) -> 0 | G17: =SUMIFS(Consumo_Diario!$G$5:$G$734,Consumo_Diario!$A$5:$A$734,">="&$A17,Consumo_Diario!$A$5:$A$734,"<"&DATE(YEAR($A17),MONTH($A17)+1,1)) -> 0 | H17: =IF($B17=0,"",F17/$B17) | I17: =SUMIFS(Consumo_Diario!$K$5:$K$734,Consumo_Diario!$A$5:$A$734,">="&$A17,Consumo_Diario!$A$5:$A$734,"<"&DATE(YEAR($A17),MONTH($A17)+1,1)) -> 0 | J17: =SUMIFS(Consumo_Diario!$J$5:$J$734,Consumo_Diario!$A$5:$A$734,">="&$A17,Consumo_Diario!$A$5:$A$734,"<"&DATE(YEAR($A17),MONTH($A17)+1,1)) -> 0 | K17: =IF($B17=0,"",I17/$B17) | L17: =C17+F17+I17 -> 0
A18: 46419 | B18: =SUMIFS(Consumo_Diario!$B$5:$B$734,Consumo_Diario!$A$5:$A$734,">="&$A18,Consumo_Diario!$A$5:$A$734,"<"&DATE(YEAR($A18),MONTH($A18)+1,1)) -> 0 | C18: =SUMIFS(Consumo_Diario!$E$5:$E$734,Consumo_Diario!$A$5:$A$734,">="&$A18,Consumo_Diario!$A$5:$A$734,"<"&DATE(YEAR($A18),MONTH($A18)+1,1)) -> 0 | D18: =SUMIFS(Consumo_Diario!$D$5:$D$734,Consumo_Diario!$A$5:$A$734,">="&$A18,Consumo_Diario!$A$5:$A$734,"<"&DATE(YEAR($A18),MONTH($A18)+1,1)) -> 0 | E18: =IF($B18=0,"",C18/$B18) | F18: =SUMIFS(Consumo_Diario!$H$5:$H$734,Consumo_Diario!$A$5:$A$734,">="&$A18,Consumo_Diario!$A$5:$A$734,"<"&DATE(YEAR($A18),MONTH($A18)+1,1)) -> 0 | G18: =SUMIFS(Consumo_Diario!$G$5:$G$734,Consumo_Diario!$A$5:$A$734,">="&$A18,Consumo_Diario!$A$5:$A$734,"<"&DATE(YEAR($A18),MONTH($A18)+1,1)) -> 0 | H18: =IF($B18=0,"",F18/$B18) | I18: =SUMIFS(Consumo_Diario!$K$5:$K$734,Consumo_Diario!$A$5:$A$734,">="&$A18,Consumo_Diario!$A$5:$A$734,"<"&DATE(YEAR($A18),MONTH($A18)+1,1)) -> 0 | J18: =SUMIFS(Consumo_Diario!$J$5:$J$734,Consumo_Diario!$A$5:$A$734,">="&$A18,Consumo_Diario!$A$5:$A$734,"<"&DATE(YEAR($A18),MONTH($A18)+1,1)) -> 0 | K18: =IF($B18=0,"",I18/$B18) | L18: =C18+F18+I18 -> 0
A19: 46447 | B19: =SUMIFS(Consumo_Diario!$B$5:$B$734,Consumo_Diario!$A$5:$A$734,">="&$A19,Consumo_Diario!$A$5:$A$734,"<"&DATE(YEAR($A19),MONTH($A19)+1,1)) -> 0 | C19: =SUMIFS(Consumo_Diario!$E$5:$E$734,Consumo_Diario!$A$5:$A$734,">="&$A19,Consumo_Diario!$A$5:$A$734,"<"&DATE(YEAR($A19),MONTH($A19)+1,1)) -> 0 | D19: =SUMIFS(Consumo_Diario!$D$5:$D$734,Consumo_Diario!$A$5:$A$734,">="&$A19,Consumo_Diario!$A$5:$A$734,"<"&DATE(YEAR($A19),MONTH($A19)+1,1)) -> 0 | E19: =IF($B19=0,"",C19/$B19) | F19: =SUMIFS(Consumo_Diario!$H$5:$H$734,Consumo_Diario!$A$5:$A$734,">="&$A19,Consumo_Diario!$A$5:$A$734,"<"&DATE(YEAR($A19),MONTH($A19)+1,1)) -> 0 | G19: =SUMIFS(Consumo_Diario!$G$5:$G$734,Consumo_Diario!$A$5:$A$734,">="&$A19,Consumo_Diario!$A$5:$A$734,"<"&DATE(YEAR($A19),MONTH($A19)+1,1)) -> 0 | H19: =IF($B19=0,"",F19/$B19) | I19: =SUMIFS(Consumo_Diario!$K$5:$K$734,Consumo_Diario!$A$5:$A$734,">="&$A19,Consumo_Diario!$A$5:$A$734,"<"&DATE(YEAR($A19),MONTH($A19)+1,1)) -> 0 | J19: =SUMIFS(Consumo_Diario!$J$5:$J$734,Consumo_Diario!$A$5:$A$734,">="&$A19,Consumo_Diario!$A$5:$A$734,"<"&DATE(YEAR($A19),MONTH($A19)+1,1)) -> 0 | K19: =IF($B19=0,"",I19/$B19) | L19: =C19+F19+I19 -> 0
A20: 46478 | B20: =SUMIFS(Consumo_Diario!$B$5:$B$734,Consumo_Diario!$A$5:$A$734,">="&$A20,Consumo_Diario!$A$5:$A$734,"<"&DATE(YEAR($A20),MONTH($A20)+1,1)) -> 0 | C20: =SUMIFS(Consumo_Diario!$E$5:$E$734,Consumo_Diario!$A$5:$A$734,">="&$A20,Consumo_Diario!$A$5:$A$734,"<"&DATE(YEAR($A20),MONTH($A20)+1,1)) -> 0 | D20: =SUMIFS(Consumo_Diario!$D$5:$D$734,Consumo_Diario!$A$5:$A$734,">="&$A20,Consumo_Diario!$A$5:$A$734,"<"&DATE(YEAR($A20),MONTH($A20)+1,1)) -> 0 | E20: =IF($B20=0,"",C20/$B20) | F20: =SUMIFS(Consumo_Diario!$H$5:$H$734,Consumo_Diario!$A$5:$A$734,">="&$A20,Consumo_Diario!$A$5:$A$734,"<"&DATE(YEAR($A20),MONTH($A20)+1,1)) -> 0 | G20: =SUMIFS(Consumo_Diario!$G$5:$G$734,Consumo_Diario!$A$5:$A$734,">="&$A20,Consumo_Diario!$A$5:$A$734,"<"&DATE(YEAR($A20),MONTH($A20)+1,1)) -> 0 | H20: =IF($B20=0,"",F20/$B20) | I20: =SUMIFS(Consumo_Diario!$K$5:$K$734,Consumo_Diario!$A$5:$A$734,">="&$A20,Consumo_Diario!$A$5:$A$734,"<"&DATE(YEAR($A20),MONTH($A20)+1,1)) -> 0 | J20: =SUMIFS(Consumo_Diario!$J$5:$J$734,Consumo_Diario!$A$5:$A$734,">="&$A20,Consumo_Diario!$A$5:$A$734,"<"&DATE(YEAR($A20),MONTH($A20)+1,1)) -> 0 | K20: =IF($B20=0,"",I20/$B20) | L20: =C20+F20+I20 -> 0
A21: 46508 | B21: =SUMIFS(Consumo_Diario!$B$5:$B$734,Consumo_Diario!$A$5:$A$734,">="&$A21,Consumo_Diario!$A$5:$A$734,"<"&DATE(YEAR($A21),MONTH($A21)+1,1)) -> 0 | C21: =SUMIFS(Consumo_Diario!$E$5:$E$734,Consumo_Diario!$A$5:$A$734,">="&$A21,Consumo_Diario!$A$5:$A$734,"<"&DATE(YEAR($A21),MONTH($A21)+1,1)) -> 0 | D21: =SUMIFS(Consumo_Diario!$D$5:$D$734,Consumo_Diario!$A$5:$A$734,">="&$A21,Consumo_Diario!$A$5:$A$734,"<"&DATE(YEAR($A21),MONTH($A21)+1,1)) -> 0 | E21: =IF($B21=0,"",C21/$B21) | F21: =SUMIFS(Consumo_Diario!$H$5:$H$734,Consumo_Diario!$A$5:$A$734,">="&$A21,Consumo_Diario!$A$5:$A$734,"<"&DATE(YEAR($A21),MONTH($A21)+1,1)) -> 0 | G21: =SUMIFS(Consumo_Diario!$G$5:$G$734,Consumo_Diario!$A$5:$A$734,">="&$A21,Consumo_Diario!$A$5:$A$734,"<"&DATE(YEAR($A21),MONTH($A21)+1,1)) -> 0 | H21: =IF($B21=0,"",F21/$B21) | I21: =SUMIFS(Consumo_Diario!$K$5:$K$734,Consumo_Diario!$A$5:$A$734,">="&$A21,Consumo_Diario!$A$5:$A$734,"<"&DATE(YEAR($A21),MONTH($A21)+1,1)) -> 0 | J21: =SUMIFS(Consumo_Diario!$J$5:$J$734,Consumo_Diario!$A$5:$A$734,">="&$A21,Consumo_Diario!$A$5:$A$734,"<"&DATE(YEAR($A21),MONTH($A21)+1,1)) -> 0 | K21: =IF($B21=0,"",I21/$B21) | L21: =C21+F21+I21 -> 0
A22: 46539 | B22: =SUMIFS(Consumo_Diario!$B$5:$B$734,Consumo_Diario!$A$5:$A$734,">="&$A22,Consumo_Diario!$A$5:$A$734,"<"&DATE(YEAR($A22),MONTH($A22)+1,1)) -> 0 | C22: =SUMIFS(Consumo_Diario!$E$5:$E$734,Consumo_Diario!$A$5:$A$734,">="&$A22,Consumo_Diario!$A$5:$A$734,"<"&DATE(YEAR($A22),MONTH($A22)+1,1)) -> 0 | D22: =SUMIFS(Consumo_Diario!$D$5:$D$734,Consumo_Diario!$A$5:$A$734,">="&$A22,Consumo_Diario!$A$5:$A$734,"<"&DATE(YEAR($A22),MONTH($A22)+1,1)) -> 0 | E22: =IF($B22=0,"",C22/$B22) | F22: =SUMIFS(Consumo_Diario!$H$5:$H$734,Consumo_Diario!$A$5:$A$734,">="&$A22,Consumo_Diario!$A$5:$A$734,"<"&DATE(YEAR($A22),MONTH($A22)+1,1)) -> 0 | G22: =SUMIFS(Consumo_Diario!$G$5:$G$734,Consumo_Diario!$A$5:$A$734,">="&$A22,Consumo_Diario!$A$5:$A$734,"<"&DATE(YEAR($A22),MONTH($A22)+1,1)) -> 0 | H22: =IF($B22=0,"",F22/$B22) | I22: =SUMIFS(Consumo_Diario!$K$5:$K$734,Consumo_Diario!$A$5:$A$734,">="&$A22,Consumo_Diario!$A$5:$A$734,"<"&DATE(YEAR($A22),MONTH($A22)+1,1)) -> 0 | J22: =SUMIFS(Consumo_Diario!$J$5:$J$734,Consumo_Diario!$A$5:$A$734,">="&$A22,Consumo_Diario!$A$5:$A$734,"<"&DATE(YEAR($A22),MONTH($A22)+1,1)) -> 0 | K22: =IF($B22=0,"",I22/$B22) | L22: =C22+F22+I22 -> 0
A23: 46569 | B23: =SUMIFS(Consumo_Diario!$B$5:$B$734,Consumo_Diario!$A$5:$A$734,">="&$A23,Consumo_Diario!$A$5:$A$734,"<"&DATE(YEAR($A23),MONTH($A23)+1,1)) -> 0 | C23: =SUMIFS(Consumo_Diario!$E$5:$E$734,Consumo_Diario!$A$5:$A$734,">="&$A23,Consumo_Diario!$A$5:$A$734,"<"&DATE(YEAR($A23),MONTH($A23)+1,1)) -> 0 | D23: =SUMIFS(Consumo_Diario!$D$5:$D$734,Consumo_Diario!$A$5:$A$734,">="&$A23,Consumo_Diario!$A$5:$A$734,"<"&DATE(YEAR($A23),MONTH($A23)+1,1)) -> 0 | E23: =IF($B23=0,"",C23/$B23) | F23: =SUMIFS(Consumo_Diario!$H$5:$H$734,Consumo_Diario!$A$5:$A$734,">="&$A23,Consumo_Diario!$A$5:$A$734,"<"&DATE(YEAR($A23),MONTH($A23)+1,1)) -> 0 | G23: =SUMIFS(Consumo_Diario!$G$5:$G$734,Consumo_Diario!$A$5:$A$734,">="&$A23,Consumo_Diario!$A$5:$A$734,"<"&DATE(YEAR($A23),MONTH($A23)+1,1)) -> 0 | H23: =IF($B23=0,"",F23/$B23) | I23: =SUMIFS(Consumo_Diario!$K$5:$K$734,Consumo_Diario!$A$5:$A$734,">="&$A23,Consumo_Diario!$A$5:$A$734,"<"&DATE(YEAR($A23),MONTH($A23)+1,1)) -> 0 | J23: =SUMIFS(Consumo_Diario!$J$5:$J$734,Consumo_Diario!$A$5:$A$734,">="&$A23,Consumo_Diario!$A$5:$A$734,"<"&DATE(YEAR($A23),MONTH($A23)+1,1)) -> 0 | K23: =IF($B23=0,"",I23/$B23) | L23: =C23+F23+I23 -> 0
A24: 46600 | B24: =SUMIFS(Consumo_Diario!$B$5:$B$734,Consumo_Diario!$A$5:$A$734,">="&$A24,Consumo_Diario!$A$5:$A$734,"<"&DATE(YEAR($A24),MONTH($A24)+1,1)) -> 0 | C24: =SUMIFS(Consumo_Diario!$E$5:$E$734,Consumo_Diario!$A$5:$A$734,">="&$A24,Consumo_Diario!$A$5:$A$734,"<"&DATE(YEAR($A24),MONTH($A24)+1,1)) -> 0 | D24: =SUMIFS(Consumo_Diario!$D$5:$D$734,Consumo_Diario!$A$5:$A$734,">="&$A24,Consumo_Diario!$A$5:$A$734,"<"&DATE(YEAR($A24),MONTH($A24)+1,1)) -> 0 | E24: =IF($B24=0,"",C24/$B24) | F24: =SUMIFS(Consumo_Diario!$H$5:$H$734,Consumo_Diario!$A$5:$A$734,">="&$A24,Consumo_Diario!$A$5:$A$734,"<"&DATE(YEAR($A24),MONTH($A24)+1,1)) -> 0 | G24: =SUMIFS(Consumo_Diario!$G$5:$G$734,Consumo_Diario!$A$5:$A$734,">="&$A24,Consumo_Diario!$A$5:$A$734,"<"&DATE(YEAR($A24),MONTH($A24)+1,1)) -> 0 | H24: =IF($B24=0,"",F24/$B24) | I24: =SUMIFS(Consumo_Diario!$K$5:$K$734,Consumo_Diario!$A$5:$A$734,">="&$A24,Consumo_Diario!$A$5:$A$734,"<"&DATE(YEAR($A24),MONTH($A24)+1,1)) -> 0 | J24: =SUMIFS(Consumo_Diario!$J$5:$J$734,Consumo_Diario!$A$5:$A$734,">="&$A24,Consumo_Diario!$A$5:$A$734,"<"&DATE(YEAR($A24),MONTH($A24)+1,1)) -> 0 | K24: =IF($B24=0,"",I24/$B24) | L24: =C24+F24+I24 -> 0
A25: 46631 | B25: =SUMIFS(Consumo_Diario!$B$5:$B$734,Consumo_Diario!$A$5:$A$734,">="&$A25,Consumo_Diario!$A$5:$A$734,"<"&DATE(YEAR($A25),MONTH($A25)+1,1)) -> 0 | C25: =SUMIFS(Consumo_Diario!$E$5:$E$734,Consumo_Diario!$A$5:$A$734,">="&$A25,Consumo_Diario!$A$5:$A$734,"<"&DATE(YEAR($A25),MONTH($A25)+1,1)) -> 0 | D25: =SUMIFS(Consumo_Diario!$D$5:$D$734,Consumo_Diario!$A$5:$A$734,">="&$A25,Consumo_Diario!$A$5:$A$734,"<"&DATE(YEAR($A25),MONTH($A25)+1,1)) -> 0 | E25: =IF($B25=0,"",C25/$B25) | F25: =SUMIFS(Consumo_Diario!$H$5:$H$734,Consumo_Diario!$A$5:$A$734,">="&$A25,Consumo_Diario!$A$5:$A$734,"<"&DATE(YEAR($A25),MONTH($A25)+1,1)) -> 0 | G25: =SUMIFS(Consumo_Diario!$G$5:$G$734,Consumo_Diario!$A$5:$A$734,">="&$A25,Consumo_Diario!$A$5:$A$734,"<"&DATE(YEAR($A25),MONTH($A25)+1,1)) -> 0 | H25: =IF($B25=0,"",F25/$B25) | I25: =SUMIFS(Consumo_Diario!$K$5:$K$734,Consumo_Diario!$A$5:$A$734,">="&$A25,Consumo_Diario!$A$5:$A$734,"<"&DATE(YEAR($A25),MONTH($A25)+1,1)) -> 0 | J25: =SUMIFS(Consumo_Diario!$J$5:$J$734,Consumo_Diario!$A$5:$A$734,">="&$A25,Consumo_Diario!$A$5:$A$734,"<"&DATE(YEAR($A25),MONTH($A25)+1,1)) -> 0 | K25: =IF($B25=0,"",I25/$B25) | L25: =C25+F25+I25 -> 0
... A37: 46997 | B37: =SUMIFS(Consumo_Diario!$B$5:$B$734,Consumo_Diario!$A$5:$A$734,">="&$A37,Consumo_Diario!$A$5:$A$734,"<"&DATE(YEAR($A37),MONTH($A37)+1,1)) -> 0 | C37: =SUMIFS(Consumo_Diario!$E$5:$E$734,Consumo_Diario!$A$5:$A$734,">="&$A37,Consumo_Diario!$A$5:$A$734,"<"&DATE(YEAR($A37),MONTH($A37)+1,1)) -> 0 | D37: =SUMIFS(Consumo_Diario!$D$5:$D$734,Consumo_Diario!$A$5:$A$734,">="&$A37,Consumo_Diario!$A$5:$A$734,"<"&DATE(YEAR($A37),MONTH($A37)+1,1)) -> 0 | E37: =IF($B37=0,"",C37/$B37) | F37: =SUMIFS(Consumo_Diario!$H$5:$H$734,Consumo_Diario!$A$5:$A$734,">="&$A37,Consumo_Diario!$A$5:$A$734,"<"&DATE(YEAR($A37),MONTH($A37)+1,1)) -> 0 | G37: =SUMIFS(Consumo_Diario!$G$5:$G$734,Consumo_Diario!$A$5:$A$734,">="&$A37,Consumo_Diario!$A$5:$A$734,"<"&DATE(YEAR($A37),MONTH($A37)+1,1)) -> 0 | H37: =IF($B37=0,"",F37/$B37) | I37: =SUMIFS(Consumo_Diario!$K$5:$K$734,Consumo_Diario!$A$5:$A$734,">="&$A37,Consumo_Diario!$A$5:$A$734,"<"&DATE(YEAR($A37),MONTH($A37)+1,1)) -> 0 | J37: =SUMIFS(Consumo_Diario!$J$5:$J$734,Consumo_Diario!$A$5:$A$734,">="&$A37,Consumo_Diario!$A$5:$A$734,"<"&DATE(YEAR($A37),MONTH($A37)+1,1)) -> 0 | K37: =IF($B37=0,"",I37/$B37) | L37: =C37+F37+I37 -> 0
A38: Promedio mensual (meses con datos) | C38: =IFERROR(AVERAGEIFS(C14:C37,$B$14:$B$37,">0"),"") | D38: =IFERROR(AVERAGEIFS(D14:D37,$B$14:$B$37,">0"),"") | E38: =IFERROR(SUM(C14:C37)/SUM($B$14:$B$37),"") | F38: =IFERROR(AVERAGEIFS(F14:F37,$B$14:$B$37,">0"),"") | G38: =IFERROR(AVERAGEIFS(G14:G37,$B$14:$B$37,">0"),"") | H38: =IFERROR(SUM(F14:F37)/SUM($B$14:$B$37),"") | I38: =IFERROR(AVERAGEIFS(I14:I37,$B$14:$B$37,">0"),"") | J38: =IFERROR(AVERAGEIFS(J14:J37,$B$14:$B$37,">0"),"") | K38: =IFERROR(SUM(I14:I37)/SUM($B$14:$B$37),"") | L38: =IFERROR(AVERAGEIFS(L14:L37,$B$14:$B$37,">0"),"")
A39: Nota: el mes en curso y el primer mes son parciales; use 'Prom. diario' para comparar meses.

Sheet Config
A1: Configuración
A2: Celdas amarillas editables. El script lee estos valores por nombre (rangos con nombre cfg_*).
A3: Parámetro | B3: Valor | C3: Nota
A4: Remitente del correo | B4: yobelrsp@yobel.biz | C4: Dirección del bot (ver captura del correo).
A5: Asunto contiene | B5: TOTAL INVENTORY SNAPSHOT | C5: Texto fijo del asunto 'PE4 RSP - TOTAL INVENTORY SNAPSHOT (dd/mm/aaaa hh:mm:ss)'.
A6: Nombre adjunto empieza con | B6: TotalFotoRsp | C6: Ej.: TotalFotoRsp_-_2026101508.xlsx
A7: Hoja del archivo | B7: BaseDeDatosReporteador
A8: Columna código | B8: Código Item | C8: Encabezado exacto en el archivo.
A9: Columna filtro | B9: Atributo 2
A10: Valor filtro | B10: DISPONIBLE | C10: Solo se suman filas con este valor.
A11: Columna cantidad | B11: Saldo
A12: Horas de revisión | B12: 08:45, 09:15, 09:45, 10:15, 12:00 | C12: El correo llega ~08:30. El script revisa a estas horas (±15 min, límite de Google).
A13: Hora límite | B13: 10:00 | C13: Si a esta hora no se cargó el stock del día, se envía la alerta (una vez por día).
A14: Destinatarios alerta | B14: correo1@rashperu.com, correo2@rashperu.com | C14: Separar con coma. REEMPLAZAR por los correos reales.
A15: Alertar sábados y domingos | B15: SI | C15: SI / NO. Poner NO si el bot no envía en fines de semana.
A16: Días para promedio móvil | B16: 7 | C16: Ventana del consumo promedio diario usado para la cobertura.
A17: Cobertura mínima (días) | B17: 15 | C17: Debajo de este valor el Indicador marca REPONER y el script envía aviso.
A18: Enviar aviso de cobertura baja | B18: SI | C18: SI / NO
A19: ID carpeta Drive para archivar adjuntos | C19: Opcional. Vacío = no se archiva el .xlsx original.
A21: SKUs a extraer (orden fijo: columnas E, F, G de Stock_Diario)
A22: SKU | B22: Descripción
A23: 153523 | B23: CAJA MEDIANA 22X33X30 411 C
A24: 153553 | B24: CAJA 1/24 PEQUEÑA 11X22X15 312 C IMP
A25: 153526 | B25: CAJA 1/2 GRANDE 33X44X30 411 C IMP

Sheet Stock_Diario
A1: Stock diario DISPONIBLE (lo llena el script)
A2: Una fila por fecha de snapshot, ordenada ascendente. No insertar ni borrar filas: solo valores.
E3: =Config!$B$23 -> CAJA MEDIANA 22X33X30 411 C | F3: =Config!$B$24 -> CAJA 1/24 PEQUEÑA 11X22X15 312 C IMP | G3: =Config!$B$25 -> CAJA 1/2 GRANDE 33X44X30 411 C IMP
A4: Fecha | B4: Hora snapshot | C4: Archivo | D4: Origen | E4: ="Stock "&Config!$A$23 -> Stock 153523 | F4: ="Stock "&Config!$A$24 -> Stock 153553 | G4: ="Stock "&Config!$A$25 -> Stock 153526 | H4: Filas encontradas | I4: Cargado el
A5: 46310 | B5: 08:29 | C5: TotalFotoRsp_-_2026101508.xlsx | D5: Carga inicial | E5: 6725 | F5: 5025 | G5: 11025 | H5: 1/2/1 | I5: 46310.365

Sheet Recepciones
A1: Recepciones (opcional, ingreso manual)
A2: Ejemplo de formato: 20/10/2026 | 153523 | 1000 | GR-0001-123 | Ingreso proveedor. Fecha = día en que la recepción ya figura en el stock del bot.
A4: Fecha | B4: SKU | C4: Cantidad | D4: Guía / Documento | E4: Comentario

Sheet Consumo_Diario
A1: Consumo por intervalo entre snapshots
A2: Consumo = Stock anterior + Recepción - Stock actual. Si el stock sube sin recepción registrada, se asume Recepción = aumento.
C3: =Config!$A$23&" - "&Config!$B$23 -> 153523 - CAJA MEDIANA 22X33X30 411 C | F3: =Config!$A$24&" - "&Config!$B$24 -> 153553 - CAJA 1/24 PEQUEÑA 11X22X15 312 C IMP | I3: =Config!$A$25&" - "&Config!$B$25 -> 153526 - CAJA 1/2 GRANDE 33X44X30 411 C IMP
A4: Fecha | B4: Días | C4: Stock | D4: Recepción | E4: Consumo | F4: Stock | G4: Recepción | H4: Consumo | I4: Stock | J4: Recepción | K4: Consumo | L4: Consumo total | M4: Observación
A5: =IF(Stock_Diario!A5="","",Stock_Diario!A5) -> 46310 | B5: ="" | C5: =IF($A5="","",Stock_Diario!E5) -> 6725 | D5: ="" | E5: ="" | F5: =IF($A5="","",Stock_Diario!F5) -> 5025 | G5: ="" | H5: ="" | I5: =IF($A5="","",Stock_Diario!G5) -> 11025 | J5: ="" | K5: ="" | L5: ="" | M5: =IF($A5="","","Primer registro (base)") -> Primer registro (base)
A6: =IF(Stock_Diario!A6="","",Stock_Diario!A6) | B6: =IF($A6="","",$A6-$A5) | C6: =IF($A6="","",Stock_Diario!E6) | D6: =IF($A6="","",IF(SUMIFS(Recepciones!$C$5:$C$2000,Recepciones!$B$5:$B$2000,Config!$A$23,Recepciones!$A$5:$A$2000,">"&$A5,Recepciones!$A$5:$A$2000,"<="&$A6)>0,SUMIFS(Recepciones!$C$5:$C$2000,Recepciones!$B$5:$B$2000,Config!$A$23,Recepciones!$A$5:$A$2000,">"&$A5,Recepciones!$A$5:$A$2000,"<="&$A6),MAX(0,C6-C5))) | E6: =IF($A6="","",MAX(0,C5+D6-C6)) | F6: =IF($A6="","",Stock_Diario!F6) | G6: =IF($A6="","",IF(SUMIFS(Recepciones!$C$5:$C$2000,Recepciones!$B$5:$B$2000,Config!$A$24,Recepciones!$A$5:$A$2000,">"&$A5,Recepciones!$A$5:$A$2000,"<="&$A6)>0,SUMIFS(Recepciones!$C$5:$C$2000,Recepciones!$B$5:$B$2000,Config!$A$24,Recepciones!$A$5:$A$2000,">"&$A5,Recepciones!$A$5:$A$2000,"<="&$A6),MAX(0,F6-F5))) | H6: =IF($A6="","",MAX(0,F5+G6-F6)) | I6: =IF($A6="","",Stock_Diario!G6) | J6: =IF($A6="","",IF(SUMIFS(Recepciones!$C$5:$C$2000,Recepciones!$B$5:$B$2000,Config!$A$25,Recepciones!$A$5:$A$2000,">"&$A5,Recepciones!$A$5:$A$2000,"<="&$A6)>0,SUMIFS(Recepciones!$C$5:$C$2000,Recepciones!$B$5:$B$2000,Config!$A$25,Recepciones!$A$5:$A$2000,">"&$A5,Recepciones!$A$5:$A$2000,"<="&$A6),MAX(0,I6-I5))) | K6: =IF($A6="","",MAX(0,I5+J6-I6)) | L6: =IF($A6="","",E6+H6+K6) | M6: =IF($A6="","",IF(AND(D6+G6+J6>0,SUMIFS(Recepciones!$C$5:$C$2000,Recepciones!$A$5:$A$2000,">"&$A5,Recepciones!$A$5:$A$2000,"<="&$A6)=0),"Aumento de stock sin recepción registrada",IF(B6>1,"Intervalo de "&B6&" días","")))
A7: =IF(Stock_Diario!A7="","",Stock_Diario!A7) | B7: =IF($A7="","",$A7-$A6) | C7: =IF($A7="","",Stock_Diario!E7) | D7: =IF($A7="","",IF(SUMIFS(Recepciones!$C$5:$C$2000,Recepciones!$B$5:$B$2000,Config!$A$23,Recepciones!$A$5:$A$2000,">"&$A6,Recepciones!$A$5:$A$2000,"<="&$A7)>0,SUMIFS(Recepciones!$C$5:$C$2000,Recepciones!$B$5:$B$2000,Config!$A$23,Recepciones!$A$5:$A$2000,">"&$A6,Recepciones!$A$5:$A$2000,"<="&$A7),MAX(0,C7-C6))) | E7: =IF($A7="","",MAX(0,C6+D7-C7)) | F7: =IF($A7="","",Stock_Diario!F7) | G7: =IF($A7="","",IF(SUMIFS(Recepciones!$C$5:$C$2000,Recepciones!$B$5:$B$2000,Config!$A$24,Recepciones!$A$5:$A$2000,">"&$A6,Recepciones!$A$5:$A$2000,"<="&$A7)>0,SUMIFS(Recepciones!$C$5:$C$2000,Recepciones!$B$5:$B$2000,Config!$A$24,Recepciones!$A$5:$A$2000,">"&$A6,Recepciones!$A$5:$A$2000,"<="&$A7),MAX(0,F7-F6))) | H7: =IF($A7="","",MAX(0,F6+G7-F7)) | I7: =IF($A7="","",Stock_Diario!G7) | J7: =IF($A7="","",IF(SUMIFS(Recepciones!$C$5:$C$2000,Recepciones!$B$5:$B$2000,Config!$A$25,Recepciones!$A$5:$A$2000,">"&$A6,Recepciones!$A$5:$A$2000,"<="&$A7)>0,SUMIFS(Recepciones!$C$5:$C$2000,Recepciones!$B$5:$B$2000,Config!$A$25,Recepciones!$A$5:$A$2000,">"&$A6,Recepciones!$A$5:$A$2000,"<="&$A7),MAX(0,I7-I6))) | K7: =IF($A7="","",MAX(0,I6+J7-I7)) | L7: =IF($A7="","",E7+H7+K7) | M7: =IF($A7="","",IF(AND(D7+G7+J7>0,SUMIFS(Recepciones!$C$5:$C$2000,Recepciones!$A$5:$A$2000,">"&$A6,Recepciones!$A$5:$A$2000,"<="&$A7)=0),"Aumento de stock sin recepción registrada",IF(B7>1,"Intervalo de "&B7&" días","")))
A8: =IF(Stock_Diario!A8="","",Stock_Diario!A8) | B8: =IF($A8="","",$A8-$A7) | C8: =IF($A8="","",Stock_Diario!E8) | D8: =IF($A8="","",IF(SUMIFS(Recepciones!$C$5:$C$2000,Recepciones!$B$5:$B$2000,Config!$A$23,Recepciones!$A$5:$A$2000,">"&$A7,Recepciones!$A$5:$A$2000,"<="&$A8)>0,SUMIFS(Recepciones!$C$5:$C$2000,Recepciones!$B$5:$B$2000,Config!$A$23,Recepciones!$A$5:$A$2000,">"&$A7,Recepciones!$A$5:$A$2000,"<="&$A8),MAX(0,C8-C7))) | E8: =IF($A8="","",MAX(0,C7+D8-C8)) | F8: =IF($A8="","",Stock_Diario!F8) | G8: =IF($A8="","",IF(SUMIFS(Recepciones!$C$5:$C$2000,Recepciones!$B$5:$B$2000,Config!$A$24,Recepciones!$A$5:$A$2000,">"&$A7,Recepciones!$A$5:$A$2000,"<="&$A8)>0,SUMIFS(Recepciones!$C$5:$C$2000,Recepciones!$B$5:$B$2000,Config!$A$24,Recepciones!$A$5:$A$2000,">"&$A7,Recepciones!$A$5:$A$2000,"<="&$A8),MAX(0,F8-F7))) | H8: =IF($A8="","",MAX(0,F7+G8-F8)) | I8: =IF($A8="","",Stock_Diario!G8) | J8: =IF($A8="","",IF(SUMIFS(Recepciones!$C$5:$C$2000,Recepciones!$B$5:$B$2000,Config!$A$25,Recepciones!$A$5:$A$2000,">"&$A7,Recepciones!$A$5:$A$2000,"<="&$A8)>0,SUMIFS(Recepciones!$C$5:$C$2000,Recepciones!$B$5:$B$2000,Config!$A$25,Recepciones!$A$5:$A$2000,">"&$A7,Recepciones!$A$5:$A$2000,"<="&$A8),MAX(0,I8-I7))) | K8: =IF($A8="","",MAX(0,I7+J8-I8)) | L8: =IF($A8="","",E8+H8+K8) | M8: =IF($A8="","",IF(AND(D8+G8+J8>0,SUMIFS(Recepciones!$C$5:$C$2000,Recepciones!$A$5:$A$2000,">"&$A7,Recepciones!$A$5:$A$2000,"<="&$A8)=0),"Aumento de stock sin recepción registrada",IF(B8>1,"Intervalo de "&B8&" días","")))
A9: =IF(Stock_Diario!A9="","",Stock_Diario!A9) | B9: =IF($A9="","",$A9-$A8) | C9: =IF($A9="","",Stock_Diario!E9) | D9: =IF($A9="","",IF(SUMIFS(Recepciones!$C$5:$C$2000,Recepciones!$B$5:$B$2000,Config!$A$23,Recepciones!$A$5:$A$2000,">"&$A8,Recepciones!$A$5:$A$2000,"<="&$A9)>0,SUMIFS(Recepciones!$C$5:$C$2000,Recepciones!$B$5:$B$2000,Config!$A$23,Recepciones!$A$5:$A$2000,">"&$A8,Recepciones!$A$5:$A$2000,"<="&$A9),MAX(0,C9-C8))) | E9: =IF($A9="","",MAX(0,C8+D9-C9)) | F9: =IF($A9="","",Stock_Diario!F9) | G9: =IF($A9="","",IF(SUMIFS(Recepciones!$C$5:$C$2000,Recepciones!$B$5:$B$2000,Config!$A$24,Recepciones!$A$5:$A$2000,">"&$A8,Recepciones!$A$5:$A$2000,"<="&$A9)>0,SUMIFS(Recepciones!$C$5:$C$2000,Recepciones!$B$5:$B$2000,Config!$A$24,Recepciones!$A$5:$A$2000,">"&$A8,Recepciones!$A$5:$A$2000,"<="&$A9),MAX(0,F9-F8))) | H9: =IF($A9="","",MAX(0,F8+G9-F9)) | I9: =IF($A9="","",Stock_Diario!G9) | J9: =IF($A9="","",IF(SUMIFS(Recepciones!$C$5:$C$2000,Recepciones!$B$5:$B$2000,Config!$A$25,Recepciones!$A$5:$A$2000,">"&$A8,Recepciones!$A$5:$A$2000,"<="&$A9)>0,SUMIFS(Recepciones!$C$5:$C$2000,Recepciones!$B$5:$B$2000,Config!$A$25,Recepciones!$A$5:$A$2000,">"&$A8,Recepciones!$A$5:$A$2000,"<="&$A9),MAX(0,I9-I8))) | K9: =IF($A9="","",MAX(0,I8+J9-I9)) | L9: =IF($A9="","",E9+H9+K9) | M9: =IF($A9="","",IF(AND(D9+G9+J9>0,SUMIFS(Recepciones!$C$5:$C$2000,Recepciones!$A$5:$A$2000,">"&$A8,Recepciones!$A$5:$A$2000,"<="&$A9)=0),"Aumento de stock sin recepción registrada",IF(B9>1,"Intervalo de "&B9&" días","")))
A10: =IF(Stock_Diario!A10="","",Stock_Diario!A10) | B10: =IF($A10="","",$A10-$A9) | C10: =IF($A10="","",Stock_Diario!E10) | D10: =IF($A10="","",IF(SUMIFS(Recepciones!$C$5:$C$2000,Recepciones!$B$5:$B$2000,Config!$A$23,Recepciones!$A$5:$A$2000,">"&$A9,Recepciones!$A$5:$A$2000,"<="&$A10)>0,SUMIFS(Recepciones!$C$5:$C$2000,Recepciones!$B$5:$B$2000,Config!$A$23,Recepciones!$A$5:$A$2000,">"&$A9,Recepciones!$A$5:$A$2000,"<="&$A10),MAX(0,C10-C9))) | E10: =IF($A10="","",MAX(0,C9+D10-C10)) | F10: =IF($A10="","",Stock_Diario!F10) | G10: =IF($A10="","",IF(SUMIFS(Recepciones!$C$5:$C$2000,Recepciones!$B$5:$B$2000,Config!$A$24,Recepciones!$A$5:$A$2000,">"&$A9,Recepciones!$A$5:$A$2000,"<="&$A10)>0,SUMIFS(Recepciones!$C$5:$C$2000,Recepciones!$B$5:$B$2000,Config!$A$24,Recepciones!$A$5:$A$2000,">"&$A9,Recepciones!$A$5:$A$2000,"<="&$A10),MAX(0,F10-F9))) | H10: =IF($A10="","",MAX(0,F9+G10-F10)) | I10: =IF($A10="","",Stock_Diario!G10) | J10: =IF($A10="","",IF(SUMIFS(Recepciones!$C$5:$C$2000,Recepciones!$B$5:$B$2000,Config!$A$25,Recepciones!$A$5:$A$2000,">"&$A9,Recepciones!$A$5:$A$2000,"<="&$A10)>0,SUMIFS(Recepciones!$C$5:$C$2000,Recepciones!$B$5:$B$2000,Config!$A$25,Recepciones!$A$5:$A$2000,">"&$A9,Recepciones!$A$5:$A$2000,"<="&$A10),MAX(0,I10-I9))) | K10: =IF($A10="","",MAX(0,I9+J10-I10)) | L10: =IF($A10="","",E10+H10+K10) | M10: =IF($A10="","",IF(AND(D10+G10+J10>0,SUMIFS(Recepciones!$C$5:$C$2000,Recepciones!$A$5:$A$2000,">"&$A9,Recepciones!$A$5:$A$2000,"<="&$A10)=0),"Aumento de stock sin recepción registrada",IF(B10>1,"Intervalo de "&B10&" días","")))
A11: =IF(Stock_Diario!A11="","",Stock_Diario!A11) | B11: =IF($A11="","",$A11-$A10) | C11: =IF($A11="","",Stock_Diario!E11) | D11: =IF($A11="","",IF(SUMIFS(Recepciones!$C$5:$C$2000,Recepciones!$B$5:$B$2000,Config!$A$23,Recepciones!$A$5:$A$2000,">"&$A10,Recepciones!$A$5:$A$2000,"<="&$A11)>0,SUMIFS(Recepciones!$C$5:$C$2000,Recepciones!$B$5:$B$2000,Config!$A$23,Recepciones!$A$5:$A$2000,">"&$A10,Recepciones!$A$5:$A$2000,"<="&$A11),MAX(0,C11-C10))) | E11: =IF($A11="","",MAX(0,C10+D11-C11)) | F11: =IF($A11="","",Stock_Diario!F11) | G11: =IF($A11="","",IF(SUMIFS(Recepciones!$C$5:$C$2000,Recepciones!$B$5:$B$2000,Config!$A$24,Recepciones!$A$5:$A$2000,">"&$A10,Recepciones!$A$5:$A$2000,"<="&$A11)>0,SUMIFS(Recepciones!$C$5:$C$2000,Recepciones!$B$5:$B$2000,Config!$A$24,Recepciones!$A$5:$A$2000,">"&$A10,Recepciones!$A$5:$A$2000,"<="&$A11),MAX(0,F11-F10))) | H11: =IF($A11="","",MAX(0,F10+G11-F11)) | I11: =IF($A11="","",Stock_Diario!G11) | J11: =IF($A11="","",IF(SUMIFS(Recepciones!$C$5:$C$2000,Recepciones!$B$5:$B$2000,Config!$A$25,Recepciones!$A$5:$A$2000,">"&$A10,Recepciones!$A$5:$A$2000,"<="&$A11)>0,SUMIFS(Recepciones!$C$5:$C$2000,Recepciones!$B$5:$B$2000,Config!$A$25,Recepciones!$A$5:$A$2000,">"&$A10,Recepciones!$A$5:$A$2000,"<="&$A11),MAX(0,I11-I10))) | K11: =IF($A11="","",MAX(0,I10+J11-I11)) | L11: =IF($A11="","",E11+H11+K11) | M11: =IF($A11="","",IF(AND(D11+G11+J11>0,SUMIFS(Recepciones!$C$5:$C$2000,Recepciones!$A$5:$A$2000,">"&$A10,Recepciones!$A$5:$A$2000,"<="&$A11)=0),"Aumento de stock sin recepción registrada",IF(B11>1,"Intervalo de "&B11&" días","")))
A12: =IF(Stock_Diario!A12="","",Stock_Diario!A12) | B12: =IF($A12="","",$A12-$A11) | C12: =IF($A12="","",Stock_Diario!E12) | D12: =IF($A12="","",IF(SUMIFS(Recepciones!$C$5:$C$2000,Recepciones!$B$5:$B$2000,Config!$A$23,Recepciones!$A$5:$A$2000,">"&$A11,Recepciones!$A$5:$A$2000,"<="&$A12)>0,SUMIFS(Recepciones!$C$5:$C$2000,Recepciones!$B$5:$B$2000,Config!$A$23,Recepciones!$A$5:$A$2000,">"&$A11,Recepciones!$A$5:$A$2000,"<="&$A12),MAX(0,C12-C11))) | E12: =IF($A12="","",MAX(0,C11+D12-C12)) | F12: =IF($A12="","",Stock_Diario!F12) | G12: =IF($A12="","",IF(SUMIFS(Recepciones!$C$5:$C$2000,Recepciones!$B$5:$B$2000,Config!$A$24,Recepciones!$A$5:$A$2000,">"&$A11,Recepciones!$A$5:$A$2000,"<="&$A12)>0,SUMIFS(Recepciones!$C$5:$C$2000,Recepciones!$B$5:$B$2000,Config!$A$24,Recepciones!$A$5:$A$2000,">"&$A11,Recepciones!$A$5:$A$2000,"<="&$A12),MAX(0,F12-F11))) | H12: =IF($A12="","",MAX(0,F11+G12-F12)) | I12: =IF($A12="","",Stock_Diario!G12) | J12: =IF($A12="","",IF(SUMIFS(Recepciones!$C$5:$C$2000,Recepciones!$B$5:$B$2000,Config!$A$25,Recepciones!$A$5:$A$2000,">"&$A11,Recepciones!$A$5:$A$2000,"<="&$A12)>0,SUMIFS(Recepciones!$C$5:$C$2000,Recepciones!$B$5:$B$2000,Config!$A$25,Recepciones!$A$5:$A$2000,">"&$A11,Recepciones!$A$5:$A$2000,"<="&$A12),MAX(0,I12-I11))) | K12: =IF($A12="","",MAX(0,I11+J12-I12)) | L12: =IF($A12="","",E12+H12+K12) | M12: =IF($A12="","",IF(AND(D12+G12+J12>0,SUMIFS(Recepciones!$C$5:$C$2000,Recepciones!$A$5:$A$2000,">"&$A11,Recepciones!$A$5:$A$2000,"<="&$A12)=0),"Aumento de stock sin recepción registrada",IF(B12>1,"Intervalo de "&B12&" días","")))
A13: =IF(Stock_Diario!A13="","",Stock_Diario!A13) | B13: =IF($A13="","",$A13-$A12) | C13: =IF($A13="","",Stock_Diario!E13) | D13: =IF($A13="","",IF(SUMIFS(Recepciones!$C$5:$C$2000,Recepciones!$B$5:$B$2000,Config!$A$23,Recepciones!$A$5:$A$2000,">"&$A12,Recepciones!$A$5:$A$2000,"<="&$A13)>0,SUMIFS(Recepciones!$C$5:$C$2000,Recepciones!$B$5:$B$2000,Config!$A$23,Recepciones!$A$5:$A$2000,">"&$A12,Recepciones!$A$5:$A$2000,"<="&$A13),MAX(0,C13-C12))) | E13: =IF($A13="","",MAX(0,C12+D13-C13)) | F13: =IF($A13="","",Stock_Diario!F13) | G13: =IF($A13="","",IF(SUMIFS(Recepciones!$C$5:$C$2000,Recepciones!$B$5:$B$2000,Config!$A$24,Recepciones!$A$5:$A$2000,">"&$A12,Recepciones!$A$5:$A$2000,"<="&$A13)>0,SUMIFS(Recepciones!$C$5:$C$2000,Recepciones!$B$5:$B$2000,Config!$A$24,Recepciones!$A$5:$A$2000,">"&$A12,Recepciones!$A$5:$A$2000,"<="&$A13),MAX(0,F13-F12))) | H13: =IF($A13="","",MAX(0,F12+G13-F13)) | I13: =IF($A13="","",Stock_Diario!G13) | J13: =IF($A13="","",IF(SUMIFS(Recepciones!$C$5:$C$2000,Recepciones!$B$5:$B$2000,Config!$A$25,Recepciones!$A$5:$A$2000,">"&$A12,Recepciones!$A$5:$A$2000,"<="&$A13)>0,SUMIFS(Recepciones!$C$5:$C$2000,Recepciones!$B$5:$B$2000,Config!$A$25,Recepciones!$A$5:$A$2000,">"&$A12,Recepciones!$A$5:$A$2000,"<="&$A13),MAX(0,I13-I12))) | K13: =IF($A13="","",MAX(0,I12+J13-I13)) | L13: =IF($A13="","",E13+H13+K13) | M13: =IF($A13="","",IF(AND(D13+G13+J13>0,SUMIFS(Recepciones!$C$5:$C$2000,Recepciones!$A$5:$A$2000,">"&$A12,Recepciones!$A$5:$A$2000,"<="&$A13)=0),"Aumento de stock sin recepción registrada",IF(B13>1,"Intervalo de "&B13&" días","")))
A14: =IF(Stock_Diario!A14="","",Stock_Diario!A14) | B14: =IF($A14="","",$A14-$A13) | C14: =IF($A14="","",Stock_Diario!E14) | D14: =IF($A14="","",IF(SUMIFS(Recepciones!$C$5:$C$2000,Recepciones!$B$5:$B$2000,Config!$A$23,Recepciones!$A$5:$A$2000,">"&$A13,Recepciones!$A$5:$A$2000,"<="&$A14)>0,SUMIFS(Recepciones!$C$5:$C$2000,Recepciones!$B$5:$B$2000,Config!$A$23,Recepciones!$A$5:$A$2000,">"&$A13,Recepciones!$A$5:$A$2000,"<="&$A14),MAX(0,C14-C13))) | E14: =IF($A14="","",MAX(0,C13+D14-C14)) | F14: =IF($A14="","",Stock_Diario!F14) | G14: =IF($A14="","",IF(SUMIFS(Recepciones!$C$5:$C$2000,Recepciones!$B$5:$B$2000,Config!$A$24,Recepciones!$A$5:$A$2000,">"&$A13,Recepciones!$A$5:$A$2000,"<="&$A14)>0,SUMIFS(Recepciones!$C$5:$C$2000,Recepciones!$B$5:$B$2000,Config!$A$24,Recepciones!$A$5:$A$2000,">"&$A13,Recepciones!$A$5:$A$2000,"<="&$A14),MAX(0,F14-F13))) | H14: =IF($A14="","",MAX(0,F13+G14-F14)) | I14: =IF($A14="","",Stock_Diario!G14) | J14: =IF($A14="","",IF(SUMIFS(Recepciones!$C$5:$C$2000,Recepciones!$B$5:$B$2000,Config!$A$25,Recepciones!$A$5:$A$2000,">"&$A13,Recepciones!$A$5:$A$2000,"<="&$A14)>0,SUMIFS(Recepciones!$C$5:$C$2000,Recepciones!$B$5:$B$2000,Config!$A$25,Recepciones!$A$5:$A$2000,">"&$A13,Recepciones!$A$5:$A$2000,"<="&$A14),MAX(0,I14-I13))) | K14: =IF($A14="","",MAX(0,I13+J14-I14)) | L14: =IF($A14="","",E14+H14+K14) | M14: =IF($A14="","",IF(AND(D14+G14+J14>0,SUMIFS(Recepciones!$C$5:$C$2000,Recepciones!$A$5:$A$2000,">"&$A13,Recepciones!$A$5:$A$2000,"<="&$A14)=0),"Aumento de stock sin recepción registrada",IF(B14>1,"Intervalo de "&B14&" días","")))
A15: =IF(Stock_Diario!A15="","",Stock_Diario!A15) | B15: =IF($A15="","",$A15-$A14) | C15: =IF($A15="","",Stock_Diario!E15) | D15: =IF($A15="","",IF(SUMIFS(Recepciones!$C$5:$C$2000,Recepciones!$B$5:$B$2000,Config!$A$23,Recepciones!$A$5:$A$2000,">"&$A14,Recepciones!$A$5:$A$2000,"<="&$A15)>0,SUMIFS(Recepciones!$C$5:$C$2000,Recepciones!$B$5:$B$2000,Config!$A$23,Recepciones!$A$5:$A$2000,">"&$A14,Recepciones!$A$5:$A$2000,"<="&$A15),MAX(0,C15-C14))) | E15: =IF($A15="","",MAX(0,C14+D15-C15)) | F15: =IF($A15="","",Stock_Diario!F15) | G15: =IF($A15="","",IF(SUMIFS(Recepciones!$C$5:$C$2000,Recepciones!$B$5:$B$2000,Config!$A$24,Recepciones!$A$5:$A$2000,">"&$A14,Recepciones!$A$5:$A$2000,"<="&$A15)>0,SUMIFS(Recepciones!$C$5:$C$2000,Recepciones!$B$5:$B$2000,Config!$A$24,Recepciones!$A$5:$A$2000,">"&$A14,Recepciones!$A$5:$A$2000,"<="&$A15),MAX(0,F15-F14))) | H15: =IF($A15="","",MAX(0,F14+G15-F15)) | I15: =IF($A15="","",Stock_Diario!G15) | J15: =IF($A15="","",IF(SUMIFS(Recepciones!$C$5:$C$2000,Recepciones!$B$5:$B$2000,Config!$A$25,Recepciones!$A$5:$A$2000,">"&$A14,Recepciones!$A$5:$A$2000,"<="&$A15)>0,SUMIFS(Recepciones!$C$5:$C$2000,Recepciones!$B$5:$B$2000,Config!$A$25,Recepciones!$A$5:$A$2000,">"&$A14,Recepciones!$A$5:$A$2000,"<="&$A15),MAX(0,I15-I14))) | K15: =IF($A15="","",MAX(0,I14+J15-I15)) | L15: =IF($A15="","",E15+H15+K15) | M15: =IF($A15="","",IF(AND(D15+G15+J15>0,SUMIFS(Recepciones!$C$5:$C$2000,Recepciones!$A$5:$A$2000,">"&$A14,Recepciones!$A$5:$A$2000,"<="&$A15)=0),"Aumento de stock sin recepción registrada",IF(B15>1,"Intervalo de "&B15&" días","")))
A16: =IF(Stock_Diario!A16="","",Stock_Diario!A16) | B16: =IF($A16="","",$A16-$A15) | C16: =IF($A16="","",Stock_Diario!E16) | D16: =IF($A16="","",IF(SUMIFS(Recepciones!$C$5:$C$2000,Recepciones!$B$5:$B$2000,Config!$A$23,Recepciones!$A$5:$A$2000,">"&$A15,Recepciones!$A$5:$A$2000,"<="&$A16)>0,SUMIFS(Recepciones!$C$5:$C$2000,Recepciones!$B$5:$B$2000,Config!$A$23,Recepciones!$A$5:$A$2000,">"&$A15,Recepciones!$A$5:$A$2000,"<="&$A16),MAX(0,C16-C15))) | E16: =IF($A16="","",MAX(0,C15+D16-C16)) | F16: =IF($A16="","",Stock_Diario!F16) | G16: =IF($A16="","",IF(SUMIFS(Recepciones!$C$5:$C$2000,Recepciones!$B$5:$B$2000,Config!$A$24,Recepciones!$A$5:$A$2000,">"&$A15,Recepciones!$A$5:$A$2000,"<="&$A16)>0,SUMIFS(Recepciones!$C$5:$C$2000,Recepciones!$B$5:$B$2000,Config!$A$24,Recepciones!$A$5:$A$2000,">"&$A15,Recepciones!$A$5:$A$2000,"<="&$A16),MAX(0,F16-F15))) | H16: =IF($A16="","",MAX(0,F15+G16-F16)) | I16: =IF($A16="","",Stock_Diario!G16) | J16: =IF($A16="","",IF(SUMIFS(Recepciones!$C$5:$C$2000,Recepciones!$B$5:$B$2000,Config!$A$25,Recepciones!$A$5:$A$2000,">"&$A15,Recepciones!$A$5:$A$2000,"<="&$A16)>0,SUMIFS(Recepciones!$C$5:$C$2000,Recepciones!$B$5:$B$2000,Config!$A$25,Recepciones!$A$5:$A$2000,">"&$A15,Recepciones!$A$5:$A$2000,"<="&$A16),MAX(0,I16-I15))) | K16: =IF($A16="","",MAX(0,I15+J16-I16)) | L16: =IF($A16="","",E16+H16+K16) | M16: =IF($A16="","",IF(AND(D16+G16+J16>0,SUMIFS(Recepciones!$C$5:$C$2000,Recepciones!$A$5:$A$2000,">"&$A15,Recepciones!$A$5:$A$2000,"<="&$A16)=0),"Aumento de stock sin recepción registrada",IF(B16>1,"Intervalo de "&B16&" días","")))
A17: =IF(Stock_Diario!A17="","",Stock_Diario!A17) | B17: =IF($A17="","",$A17-$A16) | C17: =IF($A17="","",Stock_Diario!E17) | D17: =IF($A17="","",IF(SUMIFS(Recepciones!$C$5:$C$2000,Recepciones!$B$5:$B$2000,Config!$A$23,Recepciones!$A$5:$A$2000,">"&$A16,Recepciones!$A$5:$A$2000,"<="&$A17)>0,SUMIFS(Recepciones!$C$5:$C$2000,Recepciones!$B$5:$B$2000,Config!$A$23,Recepciones!$A$5:$A$2000,">"&$A16,Recepciones!$A$5:$A$2000,"<="&$A17),MAX(0,C17-C16))) | E17: =IF($A17="","",MAX(0,C16+D17-C17)) | F17: =IF($A17="","",Stock_Diario!F17) | G17: =IF($A17="","",IF(SUMIFS(Recepciones!$C$5:$C$2000,Recepciones!$B$5:$B$2000,Config!$A$24,Recepciones!$A$5:$A$2000,">"&$A16,Recepciones!$A$5:$A$2000,"<="&$A17)>0,SUMIFS(Recepciones!$C$5:$C$2000,Recepciones!$B$5:$B$2000,Config!$A$24,Recepciones!$A$5:$A$2000,">"&$A16,Recepciones!$A$5:$A$2000,"<="&$A17),MAX(0,F17-F16))) | H17: =IF($A17="","",MAX(0,F16+G17-F17)) | I17: =IF($A17="","",Stock_Diario!G17) | J17: =IF($A17="","",IF(SUMIFS(Recepciones!$C$5:$C$2000,Recepciones!$B$5:$B$2000,Config!$A$25,Recepciones!$A$5:$A$2000,">"&$A16,Recepciones!$A$5:$A$2000,"<="&$A17)>0,SUMIFS(Recepciones!$C$5:$C$2000,Recepciones!$B$5:$B$2000,Config!$A$25,Recepciones!$A$5:$A$2000,">"&$A16,Recepciones!$A$5:$A$2000,"<="&$A17),MAX(0,I17-I16))) | K17: =IF($A17="","",MAX(0,I16+J17-I17)) | L17: =IF($A17="","",E17+H17+K17) | M17: =IF($A17="","",IF(AND(D17+G17+J17>0,SUMIFS(Recepciones!$C$5:$C$2000,Recepciones!$A$5:$A$2000,">"&$A16,Recepciones!$A$5:$A$2000,"<="&$A17)=0),"Aumento de stock sin recepción registrada",IF(B17>1,"Intervalo de "&B17&" días","")))
... A734: =IF(Stock_Diario!A734="","",Stock_Diario!A734) | B734: =IF($A734="","",$A734-$A733) | C734: =IF($A734="","",Stock_Diario!E734) | D734: =IF($A734="","",IF(SUMIFS(Recepciones!$C$5:$C$2000,Recepciones!$B$5:$B$2000,Config!$A$23,Recepciones!$A$5:$A$2000,">"&$A733,Recepciones!$A$5:$A$2000,"<="&$A734)>0,SUMIFS(Recepciones!$C$5:$C$2000,Recepciones!$B$5:$B$2000,Config!$A$23,Recepciones!$A$5:$A$2000,">"&$A733,Recepciones!$A$5:$A$2000,"<="&$A734),MAX(0,C734-C733))) | E734: =IF($A734="","",MAX(0,C733+D734-C734)) | F734: =IF($A734="","",Stock_Diario!F734) | G734: =IF($A734="","",IF(SUMIFS(Recepciones!$C$5:$C$2000,Recepciones!$B$5:$B$2000,Config!$A$24,Recepciones!$A$5:$A$2000,">"&$A733,Recepciones!$A$5:$A$2000,"<="&$A734)>0,SUMIFS(Recepciones!$C$5:$C$2000,Recepciones!$B$5:$B$2000,Config!$A$24,Recepciones!$A$5:$A$2000,">"&$A733,Recepciones!$A$5:$A$2000,"<="&$A734),MAX(0,F734-F733))) | H734: =IF($A734="","",MAX(0,F733+G734-F734)) | I734: =IF($A734="","",Stock_Diario!G734) | J734: =IF($A734="","",IF(SUMIFS(Recepciones!$C$5:$C$2000,Recepciones!$B$5:$B$2000,Config!$A$25,Recepciones!$A$5:$A$2000,">"&$A733,Recepciones!$A$5:$A$2000,"<="&$A734)>0,SUMIFS(Recepciones!$C$5:$C$2000,Recepciones!$B$5:$B$2000,Config!$A$25,Recepciones!$A$5:$A$2000,">"&$A733,Recepciones!$A$5:$A$2000,"<="&$A734),MAX(0,I734-I733))) | K734: =IF($A734="","",MAX(0,I733+J734-I734)) | L734: =IF($A734="","",E734+H734+K734) | M734: =IF($A734="","",IF(AND(D734+G734+J734>0,SUMIFS(Recepciones!$C$5:$C$2000,Recepciones!$A$5:$A$2000,">"&$A733,Recepciones!$A$5:$A$2000,"<="&$A734)=0),"Aumento de stock sin recepción registrada",IF(B734>1,"Intervalo de "&B734&" días","")))

Sheet Log
A1: Bitácora del script
A2: La escribe el script (más reciente abajo).
A4: Fecha y hora | B4: Evento | C4: Detalle
A5: 46310.365 | B5: Carga inicial | C5: Plantilla creada con el archivo TotalFotoRsp_-_2026101508.xlsx (153523=6725, 153553=5025, 153526=11025).
